,OPEN,CLOSE,VOLUME,ADJFACTOR,DIV_CAPITALIZATION,DIV_STOCK
20170103,30.0,29.98,2361048.0,7.446103,,
20170104,30.26,31.09,4623138.0,7.446103,,
20170105,30.8,30.87,1583885.0,7.446103,,
20170106,30.87,31.31,3176593.0,7.446103,,
20170109,31.12,31.13,1942843.0,7.446103,,
20170110,31.24,30.72,1382082.0,7.446103,,
20170111,30.81,30.4,2310604.0,7.446103,,
20170112,30.18,29.97,2008907.0,7.446103,,
20170113,29.95,29.74,2709265.0,7.446103,,
20170116,29.61,29.62,3174276.0,7.446103,,
20170117,29.59,29.76,1551984.0,7.446103,,
20170118,29.73,29.52,1222038.0,7.446103,,
20170119,29.51,29.76,1474882.0,7.446103,,
20170120,29.66,29.98,1708309.0,7.446103,,
20170123,29.98,30.35,1657486.0,7.446103,,
20170124,30.43,30.47,1485619.0,7.446103,,
20170125,30.46,30.6,939739.0,7.446103,,
20170126,30.55,30.64,1188338.0,7.446103,,
20170203,30.67,31.19,2924792.0,7.446103,,
20170206,31.19,31.1,3309374.0,7.446103,,
20170207,30.99,30.55,1848434.0,7.446103,,
20170208,30.52,30.85,1323147.0,7.446103,,
20170209,30.9,30.71,1243996.0,7.446103,,
20170210,30.64,30.54,1922257.0,7.446103,,
20170213,30.61,30.5,2670373.0,7.446103,,
20170214,30.54,30.2,3294457.0,7.446103,,
20170215,30.18,30.14,1991970.0,7.446103,,
20170216,30.21,30.21,1784779.0,7.446103,,
20170217,30.21,31.09,5917506.0,7.446103,,
20170220,30.99,31.18,4318365.0,7.446103,,
20170221,31.18,31.23,2529141.0,7.446103,,
20170222,31.15,31.17,2119997.0,7.446103,,
20170223,31.14,31.68,3051747.0,7.446103,,
20170224,31.41,31.37,1835143.9999999998,7.446103,,
20170227,31.45,31.4,2570950.0,7.446103,,
20170228,31.39,31.75,1575491.0,7.446103,,
20170301,31.7,31.48,1774412.0,7.446103,,
20170302,31.52,31.03,1634110.0,7.446103,,
20170303,30.88,30.06,9216707.0,7.446103,,
20170306,30.0,30.36,4546184.0,7.446103,,
20170307,30.42,30.46,2059032.0,7.446103,,
20170308,30.44,30.3,2050871.0,7.446103,,
20170309,30.13,30.22,1305471.0,7.446103,,
20170310,30.4,30.16,1488314.0,7.446103,,
20170313,30.17,30.37,2426319.0,7.446103,,
20170314,30.23,30.89,4681344.0,7.446103,,
20170315,30.73,30.65,2867487.0,7.446103,,
20170316,30.56,30.64,2187710.0,7.446103,,
20170317,30.64,30.36,2103480.0,7.446103,,
20170320,30.33,30.25,1166957.0,7.446103,,
20170321,30.28,30.11,2635619.0,7.446103,,
20170322,30.0,30.76,2453861.0,7.446103,,
20170323,30.66,30.65,2151145.0,7.446103,,
20170324,30.6,30.9,2264418.0,7.446103,,
20170327,30.95,30.69,3096365.0,7.446103,,
20170328,30.64,30.65,2315091.0,7.446103,,
20170329,30.77,30.52,1964302.0,7.446103,,
20170330,30.52,30.1,2697941.0,7.446103,,
20170331,30.1,30.23,1789386.0,7.446103,,
20170405,30.23,30.41,2575205.0,7.446103,,
20170406,30.8,31.69,11372407.0,7.446103,,
20170407,31.64,31.82,5850324.0,7.446103,,
20170410,31.82,31.82,0.0,7.446103,,
20170411,31.82,31.82,0.0,7.446103,,
20170412,32.56,31.63,6218189.0,7.446103,,
20170413,31.58,31.6,2754627.0,7.446103,,
20170414,31.6,31.32,1904941.0,7.446103,,
20170417,31.41,31.4,2837140.0,7.446103,,
20170418,31.38,31.79,4015836.0,7.446103,,
20170419,31.67,31.66,2639402.0,7.446103,,
20170420,31.76,31.97,5185140.0,7.446103,,
20170421,32.1,31.8,4929893.0,7.446103,,
20170424,31.86,32.33,6165765.0,7.446103,,
20170425,32.38,31.97,3375590.0,7.446103,,
20170426,31.97,32.56,5817011.0,7.446103,,
20170427,32.41,32.81,4853323.0,7.446103,,
20170428,32.62,32.87,3977555.0000000005,7.446103,,
20170502,32.74,32.28,3223221.0,7.446103,,
20170503,32.24,31.88,3386001.0,7.446103,,
20170504,31.86,31.37,4242492.0,7.446103,,
20170505,31.12,31.61,2699837.0,7.446103,,
20170508,31.65,31.78,3018573.0,7.446103,,
20170509,31.77,31.72,2562994.0,7.446103,,
20170510,31.62,31.74,1972299.0000000002,7.446103,,
20170511,31.59,32.13,4441544.0,7.446103,,
20170512,32.2,32.56,4366654.0,7.446103,,
20170515,32.4,32.88,3314183.9999999995,7.446103,,
20170516,32.8,33.8,4746779.0,7.446103,,
20170517,33.57,33.31,3732430.0000000005,7.446103,,
20170518,22.06,22.23,5758990.0,11.228144,,
20170519,22.27,22.4,6449048.0,11.228144,,
20170522,22.46,22.57,4798200.0,11.228144,,
20170523,22.39,22.74,8114391.0,11.228144,,
20170524,22.78,22.62,4797140.0,11.228144,,
20170525,22.58,22.35,4794048.0,11.228144,,
20170526,22.34,22.46,5090972.0,11.228144,,
20170531,22.42,22.37,10014111.0,11.228144,,
20170601,22.1,22.14,5127806.0,11.228144,,
20170602,22.06,21.2,9204665.0,11.228144,,
20170605,21.05,21.31,8765568.0,11.228144,,
20170606,21.2,21.35,4338389.0,11.228144,,
20170607,21.28,22.06,8740022.0,11.228144,,
20170608,21.91,22.06,4609472.0,11.228144,,
20170609,22.06,21.73,6529023.0,11.228144,,
20170612,21.63,21.82,3850841.0000000005,11.228144,,
20170613,21.7,21.75,3033214.0,11.228144,,
20170614,21.72,22.21,5418008.0,11.228144,,
20170615,22.21,22.7,10181524.0,11.228144,,
20170616,22.73,22.92,5003573.0,11.228144,,
20170619,22.88,22.7,3933355.0000000005,11.228144,,
20170620,22.7,22.49,3930954.0,11.228144,,
20170621,22.49,22.8,3818044.9999999995,11.228144,,
20170622,22.76,22.53,3361210.0,11.228144,,
20170623,22.41,22.7,4770617.0,11.228144,,
20170626,22.72,22.72,6012818.0,11.228144,,
20170627,22.72,23.35,7480805.0,11.228144,,
20170628,23.26,23.17,6776738.0,11.228144,,
20170629,23.06,23.13,4231622.0,11.228144,,
20170630,23.13,23.26,4809629.0,11.228144,,
20170703,23.26,23.04,4371639.0,11.228144,,
20170704,22.89,22.7,4495940.0,11.228144,,
20170705,22.67,22.95,3291885.0,11.228144,,
20170706,23.01,22.76,2702227.0,11.228144,,
20170707,22.69,22.6,2389679.0,11.228144,,
20170710,22.51,22.19,4303635.0,11.228144,,
20170711,22.08,22.29,3909461.0,11.228144,,
20170712,22.27,22.15,4927384.0,11.228144,,
20170713,22.15,22.07,3641690.0,11.228144,,
20170714,22.23,22.4,4569388.0,11.228144,,
20170717,22.31,21.58,6672769.0,11.228144,,
20170718,21.57,21.93,4644723.0,11.228144,,
20170719,21.92,22.25,3300997.0,11.228144,,
20170720,22.25,22.35,2904839.0,11.228144,,
20170721,22.37,22.7,5105404.0,11.228144,,
20170724,22.67,22.49,2788807.0,11.228144,,
20170725,22.49,22.2,2673566.0,11.228144,,
20170726,22.22,22.1,2923504.0,11.228144,,
20170727,22.11,22.57,4601882.0,11.228144,,
20170728,22.59,22.5,2927432.0,11.228144,,
20170731,22.72,22.6,4152803.0,11.228144,,
20170801,22.6,23.14,5888158.0,11.228144,,
20170802,23.06,22.69,3913619.9999999995,11.228144,,
20170803,22.7,22.45,3873244.9999999995,11.228144,,
20170804,22.52,22.48,2728782.0,11.228144,,
20170807,22.41,22.73,1740734.0,11.228144,,
20170808,22.6,22.85,2936595.0,11.228144,,
20170809,22.84,23.07,5283762.0,11.228144,,
20170810,23.22,23.35,8086425.999999999,11.228144,,
20170811,23.2,22.94,5249690.0,11.228144,,
20170814,22.93,23.52,6654278.999999999,11.228144,,
20170815,23.51,22.84,9865556.0,11.228144,,
20170816,22.75,22.82,4642641.0,11.228144,,
20170817,22.82,22.75,5476735.0,11.228144,,
20170818,22.7,22.86,3066792.0,11.228144,,
20170821,22.89,22.73,2853032.0,11.228144,,
20170822,22.75,22.34,4108394.9999999995,11.228144,,
20170823,22.39,22.58,3018902.0,11.228144,,
20170824,22.53,22.31,2525062.0,11.228144,,
20170825,22.25,22.44,2033758.0000000002,11.228144,,
20170828,22.78,22.84,7089589.0,11.228144,,
20170829,22.8,22.91,4248320.0,11.228144,,
20170830,22.94,23.3,6005924.0,11.228144,,
20170831,23.3,23.33,5356877.0,11.228144,,
20170901,23.33,23.4,5866857.0,11.228144,,
20170904,23.4,23.93,8050277.0,11.228144,,
20170905,23.86,23.61,6210740.0,11.228144,,
20170906,23.56,23.38,6643917.0,11.228144,,
20170907,23.39,23.4,7175902.0,11.228144,,
20170908,23.41,24.16,8696744.0,11.228144,,
20170911,24.04,24.19,9618947.0,11.228144,,
20170912,24.09,23.9,5295094.0,11.228144,,
20170913,23.84,23.79,2708932.0,11.228144,,
20170914,23.71,23.56,3426878.0,11.228144,,
20170915,23.48,23.64,2482979.0,11.228144,,
20170918,23.63,24.53,9230423.0,11.228144,,
20170919,24.5,24.51,4725956.0,11.228144,,
20170920,24.51,24.7,5690511.0,11.228144,,
20170921,24.85,24.15,4375913.0,11.228144,,
20170922,24.16,24.6,3509504.0,11.228144,,
20170925,24.6,25.2,7772792.999999999,11.228144,,
20170926,25.16,25.28,6885448.0,11.228144,,
20170927,25.18,24.8,10978396.0,11.228144,,
20170928,24.79,25.37,5541911.0,11.228144,,
20170929,25.25,25.33,6044515.0,11.228144,,
20171009,25.43,25.3,7115274.000000001,11.228144,,
20171010,25.29,26.15,11964424.0,11.228144,,
20171011,26.3,26.47,10552435.0,11.228144,,
20171012,26.58,26.34,6352318.0,11.228144,,
20171013,26.26,26.49,5336437.0,11.228144,,
20171016,26.5,26.02,5129145.0,11.228144,,
20171017,26.0,26.03,3887137.9999999995,11.228144,,
20171018,26.04,27.11,11028709.0,11.228144,,
20171019,27.11,27.25,5345005.0,11.228144,,
20171020,27.3,27.39,6251256.0,11.228144,,
20171023,27.4,28.08,8893292.0,11.228144,,
20171024,28.3,28.17,7182242.0,11.228144,,
20171025,28.1,28.99,10543527.0,11.228144,,
20171026,28.82,28.7,11263081.0,11.228144,,
20171027,28.91,28.89,6343304.0,11.228144,,
20171030,28.88,28.02,10567136.0,11.228144,,
20171031,27.96,27.68,13720406.0,11.228144,,
20171101,27.64,27.7,8998761.0,11.228144,,
20171102,27.57,27.95,7923271.000000001,11.228144,,
20171103,29.42,28.01,17128279.0,11.228144,,
20171106,27.66,28.57,16131704.0,11.228144,,
20171107,28.63,29.88,21575421.0,11.228144,,
20171108,29.4,28.67,32388048.0,11.228144,,
20171109,28.23,28.37,18463479.0,11.228144,,
20171110,28.3,28.49,13030517.0,11.228144,,
20171113,28.5,29.39,14500613.0,11.228144,,
20171114,29.2,28.54,9693641.0,11.228144,,
20171115,28.45,28.44,6843602.0,11.228144,,
20171116,28.3,28.55,8852844.0,11.228144,,
20171117,28.26,27.38,13530447.0,11.228144,,
20171120,27.15,27.62,7902916.0,11.228144,,
20171121,27.5,27.78,9834381.0,11.228144,,
20171122,27.81,27.63,6308517.0,11.228144,,
20171123,27.44,26.22,9125579.0,11.228144,,
20171124,26.28,26.62,5705828.0,11.228144,,
20171127,26.8,26.74,8687378.0,11.228144,,
20171128,26.53,27.26,6072277.0,11.228144,,
20171129,27.34,27.75,6290357.0,11.228144,,
20171130,27.76,27.2,3869199.0,11.228144,,
20171201,27.15,28.06,7449842.999999999,11.228144,,
20171204,28.01,28.32,5416254.0,11.228144,,
20171205,28.34,27.66,6790970.0,11.228144,,
20171206,27.7,27.79,5694017.0,11.228144,,
20171207,28.1,28.65,12108337.0,11.228144,,
20171208,28.65,28.65,0.0,11.228144,,
20171211,28.65,28.65,0.0,11.228144,,
20171212,28.65,28.65,0.0,11.228144,,
20171213,28.65,28.65,0.0,11.228144,,
20171214,28.65,28.65,0.0,11.228144,,
20171215,28.8,28.18,14684675.0,11.228144,,
20171218,27.92,28.75,8060383.0,11.228144,,
20171219,28.7,29.06,6703813.0,11.228144,,
20171220,29.45,29.47,6992914.999999999,11.228144,,
20171221,29.47,30.64,11796424.0,11.228144,,
20171222,30.8,30.37,6633680.0,11.228144,,
20171225,30.36,30.59,8099323.0,11.228144,,
20171226,30.55,30.43,5399355.0,11.228144,,
20171227,30.32,29.83,7881503.0,11.228144,,
20171228,29.79,29.88,6705472.0,11.228144,,
20171229,29.88,30.8,7317131.0,11.228144,,
20180102,31.0,30.42,7607714.999999999,11.228144,,
20180103,30.4,30.25,10099131.0,11.228144,,
20180104,30.51,29.67,12372473.0,11.228144,,
20180105,30.65,31.5,21289329.0,11.228144,,
20180108,31.68,33.63,15921172.0,11.228144,,
20180109,33.62,33.4,11149714.0,11.228144,,
20180110,33.74,33.9,11446797.0,11.228144,,
20180111,33.77,33.89,9707333.0,11.228144,,
20180112,33.8,34.11,6066953.0,11.228144,,
20180115,33.63,33.45,10315157.0,11.228144,,
20180116,33.55,35.45,12435685.0,11.228144,,
20180117,35.63,35.26,11395291.0,11.228144,,
20180118,35.0,35.97,11933349.0,11.228144,,
20180119,35.5,35.1,7423486.0,11.228144,,
20180122,35.3,35.0,6753764.0,11.228144,,
20180123,35.0,35.59,7162153.0,11.228144,,
20180124,35.58,36.33,12245066.0,11.228144,,
20180125,36.4,35.79,6571989.999999999,11.228144,,
20180126,35.5,35.3,7147222.0,11.228144,,
20180129,34.96,34.9,8726518.0,11.228144,,
20180130,34.9,34.77,4616321.0,11.228144,,
20180131,34.77,34.98,7140082.000000001,11.228144,,
20180201,35.02,34.6,8523911.0,11.228144,,
20180202,34.4,34.51,6047345.0,11.228144,,
20180205,33.76,33.6,7393222.0,11.228144,,
20180206,32.5,31.5,15682823.000000002,11.228144,,
20180207,32.38,32.6,14781317.000000002,11.228144,,
20180208,32.4,32.5,8624361.0,11.228144,,
20180209,31.49,31.47,9923654.0,11.228144,,
20180212,31.68,33.69,14959751.0,11.228144,,
20180213,33.99,33.75,10027820.0,11.228144,,
20180214,33.75,35.1,7953558.0,11.228144,,
20180222,35.37,35.61,8217017.0,11.228144,,
20180223,35.3,35.06,7145664.999999999,11.228144,,
20180226,35.06,37.16,10689970.0,11.228144,,
20180227,37.01,36.61,8613160.0,11.228144,,
20180228,36.42,36.3,6544676.0,11.228144,,
20180301,36.2,37.13,7909939.999999999,11.228144,,
20180302,36.99,36.81,4994356.0,11.228144,,
20180305,37.0,37.24,5603125.0,11.228144,,
20180306,37.16,38.28,8682529.0,11.228144,,
20180307,38.28,38.35,5721103.0,11.228144,,
20180308,38.16,40.08,9763088.0,11.228144,,
20180309,39.95,39.9,7974238.0,11.228144,,
20180312,39.9,39.87,8838400.0,11.228144,,
20180313,39.7,38.88,10077190.0,11.228144,,
20180314,38.8,38.84,5873402.0,11.228144,,
20180315,38.49,38.87,4984945.0,11.228144,,
20180316,38.88,39.56,7949559.0,11.228144,,
20180319,39.5,40.26,8594998.0,11.228144,,
20180320,39.82,41.59,10106561.0,11.228144,,
20180321,41.35,41.17,9297865.0,11.228144,,
20180322,41.15,41.17,5444163.0,11.228144,,
20180323,39.5,40.09,13056684.0,11.228144,,
20180326,39.4,42.16,9797526.0,11.228144,,
20180327,42.22,43.2,12850766.0,11.228144,,
20180328,42.77,41.87,8131050.0,11.228144,,
20180329,42.0,40.01,14281895.000000002,11.228144,,
20180330,39.75,41.18,10428897.0,11.228144,,
20180402,40.98,40.35,8942593.0,11.228144,,
20180403,40.0,40.28,8980320.0,11.228144,,
20180404,40.75,38.9,9828270.0,11.228144,,
20180409,38.86,40.98,11995592.0,11.228144,,
20180410,41.48,42.38,9655281.0,11.228144,,
20180411,42.2,42.37,5574037.0,11.228144,,
20180412,42.11,42.8,5973881.0,11.228144,,
20180413,42.91,42.27,5909514.0,11.228144,,
20180416,42.11,42.15,5521064.0,11.228144,,
20180417,42.14,40.68,5597230.0,11.228144,,
20180418,40.72,40.8,8457680.0,11.228144,,
20180419,41.08,41.95,6870475.0,11.228144,,
20180420,41.95,42.6,8208197.0,11.228144,,
20180423,42.72,42.95,9497720.0,11.228144,,
20180424,42.82,43.38,6951766.0,11.228144,,
20180425,43.3,45.55,10516436.0,11.228144,,
20180426,45.6,44.4,7843356.0,11.228144,,
20180427,44.66,47.0,9867632.0,11.228144,,
20180502,47.0,46.47,9446328.0,11.228144,,
20180503,46.5,45.8,8304552.0,11.228144,,
20180504,45.66,45.98,6703542.0,11.228144,,
20180507,45.75,46.2,7189227.0,11.228144,,
20180508,46.4,45.5,7894714.0,11.228144,,
20180509,45.5,45.11,6430486.0,11.228144,,
20180510,45.16,47.76,12087947.0,11.228144,,
20180511,47.48,46.05,11721732.0,11.228144,,
20180514,45.7,45.97,8087202.0,11.228144,,
20180515,45.99,46.45,8147171.000000001,11.228144,,
20180516,46.44,47.44,8782334.0,11.228144,,
20180517,47.77,46.81,7127681.0,11.228144,,
20180518,46.85,48.5,7691648.0,11.228144,,
20180521,48.52,48.68,8394643.0,11.228144,,
20180522,48.65,50.16,9003028.0,11.228144,,
20180523,50.0,49.49,12132702.0,11.228144,,
20180524,32.79,33.3,16169962.0,16.946656,,
20180525,33.3,33.5,13498051.999999998,16.946656,,
20180528,33.6,34.44,15875456.0,16.946656,,
20180529,34.3,31.14,28239215.000000004,16.946656,,
20180530,30.29,30.76,35365443.0,16.946656,,
20180531,31.15,33.0,23701918.0,16.946656,,
20180601,33.0,32.12,17932960.0,16.946656,,
20180604,32.0,31.72,15291793.0,16.946656,,
20180605,31.7,32.6,14322504.0,16.946656,,
20180606,32.56,32.38,12408882.0,16.946656,,
20180607,31.55,30.94,27900930.0,16.946656,,
20180608,30.88,31.59,15568979.999999998,16.946656,,
20180611,31.37,31.04,10844111.0,16.946656,,
20180612,31.0,30.87,14656849.0,16.946656,,
20180613,30.77,30.86,17123390.0,16.946656,,
20180614,30.76,30.12,10046088.0,16.946656,,
20180615,30.05,29.95,8060373.0,16.946656,,
20180619,29.65,29.76,16595314.000000002,16.946656,,
20180620,29.99,32.07,24905981.0,16.946656,,
20180621,32.09,32.25,19578543.0,16.946656,,
20180622,32.03,32.47,12293582.0,16.946656,,
20180625,32.65,33.22,16880033.0,16.946656,,
20180626,32.8,32.9,13212304.0,16.946656,,
20180627,32.82,31.76,13957173.000000002,16.946656,,
20180628,31.5,31.61,11980989.0,16.946656,,
20180629,31.4,32.29,15475365.0,16.946656,,
20180702,32.06,32.3,16073328.0,16.946656,,
20180703,32.2,31.29,23067528.0,16.946656,,
20180704,31.0,30.16,11288654.0,16.946656,,
20180705,30.03,29.78,11458957.0,16.946656,,
20180706,29.85,30.27,15654332.999999998,16.946656,,
20180709,30.45,31.77,14626376.999999998,16.946656,,
20180710,31.84,32.0,10456659.0,16.946656,,
20180711,31.5,32.15,14882441.0,16.946656,,
20180712,31.97,32.99,19110267.0,16.946656,,
20180713,32.84,33.64,15980915.0,16.946656,,
20180716,34.1,35.66,21800124.0,16.946656,,
20180717,35.4,34.83,16041788.0,16.946656,,
20180718,34.93,34.91,12974217.0,16.946656,,
20180719,34.9,34.0,13086143.0,16.946656,,
20180720,34.07,33.76,14340566.0,16.946656,,
20180723,32.58,33.25,28492415.999999996,16.946656,,
20180724,32.91,33.2,24095606.0,16.946656,,
20180725,33.5,34.26,18366764.0,16.946656,,
20180726,34.11,33.98,11142597.0,16.946656,,
20180727,33.68,33.7,9502007.0,16.946656,,
20180730,33.6,32.8,16472782.0,16.946656,,
20180731,33.04,33.42,13871519.0,16.946656,,
20180801,33.61,33.16,11523877.0,16.946656,,
20180802,32.91,33.12,14824400.0,16.946656,,
20180803,32.8,31.94,15407565.0,16.946656,,
20180806,31.52,30.24,19301650.0,16.946656,,
20180807,30.49,31.23,14143416.0,16.946656,,
20180808,31.1,30.01,11515388.0,16.946656,,
20180809,29.67,31.53,17819666.0,16.946656,,
20180810,31.32,32.35,13101566.0,16.946656,,
20180813,31.8,32.73,9258328.0,16.946656,,
20180814,32.73,32.5,7188497.0,16.946656,,
20180815,32.4,30.82,12995165.0,16.946656,,
20180816,30.51,30.71,11406442.0,16.946656,,
20180817,31.07,29.26,24318781.0,16.946656,,
20180820,29.05,27.94,22132791.0,16.946656,,
20180821,28.11,30.15,20422583.0,16.946656,,
20180822,30.0,29.59,8734161.0,16.946656,,
20180823,29.6,29.97,12519912.0,16.946656,,
20180824,29.8,29.88,7262606.0,16.946656,,
20180827,30.5,31.73,17570342.0,16.946656,,
20180828,31.9,32.46,16298396.0,16.946656,,
20180829,32.03,32.45,12350785.0,16.946656,,
20180830,32.39,31.76,10930452.0,16.946656,,
20180831,31.76,31.37,8033064.0,16.946656,,
20180903,31.28,31.66,9437526.0,16.946656,,
20180904,31.73,31.1,16189643.0,16.946656,,
20180905,30.71,30.3,8929037.0,16.946656,,
20180906,30.05,29.95,8279486.0,16.946656,,
20180907,30.01,30.6,9426771.0,16.946656,,
20180910,30.14,30.23,6207126.0,16.946656,,
20180911,30.16,30.46,5220835.0,16.946656,,
20180912,30.29,28.95,16338604.0,16.946656,,
20180913,29.35,28.51,21933348.0,16.946656,,
20180914,28.52,28.09,12249894.0,16.946656,,
20180917,27.98,28.2,6901278.999999999,16.946656,,
20180918,28.2,29.07,13922712.0,16.946656,,
20180919,29.19,29.37,10954562.0,16.946656,,
20180920,29.28,28.89,6499602.0,16.946656,,
20180921,28.97,29.78,10233647.0,16.946656,,
20180925,29.45,29.75,6830949.000000001,16.946656,,
20180926,30.12,31.34,17824453.0,16.946656,,
20180927,31.17,31.42,13626022.0,16.946656,,
20180928,31.38,32.25,14507626.0,16.946656,,
20181008,31.62,31.03,12276398.0,16.946656,,
20181009,31.0,31.1,8243652.0,16.946656,,
20181010,31.43,30.16,10893330.0,16.946656,,
20181011,29.21,29.04,16428303.0,16.946656,,
20181012,29.3,30.11,13455018.0,16.946656,,
20181015,30.43,29.06,11900879.0,16.946656,,
20181016,29.1,29.37,9003184.0,16.946656,,
20181017,29.8,29.0,14636726.999999998,16.946656,,
20181018,28.75,27.22,21098259.0,16.946656,,
20181019,26.68,28.5,18568854.0,16.946656,,
20181022,28.88,30.83,23068381.0,16.946656,,
20181023,30.8,29.08,20820778.0,16.946656,,
20181024,28.79,28.55,18971364.0,16.946656,,
20181025,27.6,27.85,15663979.999999998,16.946656,,
20181026,28.2,27.5,11564122.0,16.946656,,
20181029,27.5,26.21,17734764.0,16.946656,,
20181030,26.0,26.7,13712045.000000002,16.946656,,
20181031,26.88,27.04,14890147.0,16.946656,,
20181101,27.38,27.09,15077872.0,16.946656,,
20181102,28.14,29.13,25719407.0,16.946656,,
20181105,28.8,28.25,19401408.0,16.946656,,
20181106,28.09,28.6,9954660.0,16.946656,,
20181107,28.6,28.24,9673520.0,16.946656,,
20181108,28.56,27.9,8117628.999999999,16.946656,,
20181109,27.75,27.84,8776906.0,16.946656,,
20181112,27.68,28.17,13863701.999999998,16.946656,,
20181113,27.63,28.52,19739504.0,16.946656,,
20181114,28.52,28.01,10696210.0,16.946656,,
20181115,27.99,28.37,11171522.0,16.946656,,
20181116,28.43,28.12,12110398.0,16.946656,,
20181119,27.98,28.39,10358381.0,16.946656,,
20181120,28.28,27.68,8382186.0,16.946656,,
20181121,27.4,27.95,7372522.0,16.946656,,
20181122,28.02,27.83,5219934.0,16.946656,,
20181123,27.63,27.45,7853283.0,16.946656,,
20181126,27.6,28.22,11200192.0,16.946656,,
20181127,28.39,28.59,10158285.0,16.946656,,
20181128,28.61,28.59,7515250.0,16.946656,,
20181129,28.86,28.04,6750842.0,16.946656,,
20181130,28.03,28.5,7614342.0,16.946656,,
20181203,29.11,29.82,17701056.0,16.946656,,
20181204,29.82,30.51,13955535.0,16.946656,,
20181205,30.15,30.32,13901039.000000002,16.946656,,
20181206,30.45,30.0,14309784.0,16.946656,,
20181207,30.0,29.4,10878400.0,16.946656,,
20181210,29.6,29.16,10595784.0,16.946656,,
20181211,29.3,30.42,12126797.0,16.946656,,
20181212,30.46,30.31,5952892.0,16.946656,,
20181213,30.31,30.25,11124640.0,16.946656,,
20181214,30.25,29.48,10308862.0,16.946656,,
20181217,29.3,28.96,10934534.0,16.946656,,
20181218,28.72,28.46,8562486.0,16.946656,,
20181219,28.46,26.95,22896385.0,16.946656,,
20181220,26.95,26.83,13868710.0,16.946656,,
20181221,26.74,26.35,14664276.0,16.946656,,
20181224,26.28,26.75,10057687.0,16.946656,,
20181225,26.1,26.59,9910239.0,16.946656,,
20181226,26.68,26.18,8494227.0,16.946656,,
20181227,26.65,26.12,9996040.0,16.946656,,
20181228,26.12,26.3,14505440.0,16.946656,,
20190102,26.01,24.62,20773940.0,16.946656,,
20190103,24.62,24.8,9998338.0,16.946656,,
20190104,24.54,25.7,14694678.0,16.946656,,
20190107,25.65,26.0,14232017.000000002,16.946656,,
20190108,26.0,25.9,6367950.0,16.946656,,
20190109,25.85,26.13,9524619.0,16.946656,,
20190110,26.28,26.27,8216275.0,16.946656,,
20190111,26.48,25.95,6927347.0,16.946656,,
20190114,26.01,25.69,8427784.0,16.946656,,
20190115,25.85,26.3,12201852.0,16.946656,,
20190116,26.34,26.89,13035524.0,16.946656,,
20190117,26.7,26.72,8528225.0,16.946656,,
20190118,26.82,27.0,11590132.0,16.946656,,
20190121,27.02,27.43,14931782.0,16.946656,,
20190122,27.43,26.84,7058028.999999999,16.946656,,
20190123,26.8,26.9,4081076.0,16.946656,,
20190124,26.82,26.72,9121871.0,16.946656,,
20190125,26.64,26.81,8894386.0,16.946656,,
20190128,27.02,27.1,10922732.0,16.946656,,
20190129,27.09,27.46,9817173.0,16.946656,,
20190130,27.48,27.17,5836974.0,16.946656,,
20190131,27.28,27.16,11715144.0,16.946656,,
20190201,27.15,28.27,17301378.0,16.946656,,
20190211,28.28,29.05,11903070.0,16.946656,,
20190212,29.1,29.22,10450521.0,16.946656,,
20190213,29.45,29.83,12435040.0,16.946656,,
20190214,29.99,29.7,7892006.0,16.946656,,
20190215,29.72,29.69,12870805.0,16.946656,,
20190218,29.81,31.56,15990010.0,16.946656,,
20190219,31.7,31.82,15244207.999999998,16.946656,,
20190220,31.79,31.28,11311186.0,16.946656,,
20190221,31.3,31.3,9258318.0,16.946656,,
20190222,31.33,31.58,8292609.0,16.946656,,
20190225,31.32,32.49,16043312.0,16.946656,,
20190226,32.43,32.16,19138620.0,16.946656,,
20190227,31.67,31.0,18862730.0,16.946656,,
20190228,31.3,32.17,16098892.000000002,16.946656,,
20190301,33.5,33.14,17588662.0,16.946656,,
20190304,33.4,33.15,25463784.0,16.946656,,
20190305,33.0,32.82,16404157.999999998,16.946656,,
20190306,32.7,32.96,14635378.0,16.946656,,
20190307,32.8,31.86,17478251.0,16.946656,,
20190308,31.36,30.69,17322775.0,16.946656,,
20190311,30.69,31.94,14334541.0,16.946656,,
20190312,32.19,31.75,13672926.0,16.946656,,
20190313,31.7,31.35,14010526.999999998,16.946656,,
20190314,31.13,31.41,12583199.0,16.946656,,
20190315,31.6,32.22,15681274.0,16.946656,,
20190318,32.0,33.44,20262310.0,16.946656,,
20190319,33.45,32.68,17436816.0,16.946656,,
20190320,32.78,32.59,9730071.0,16.946656,,
20190321,32.5,32.3,10509889.0,16.946656,,
20190322,32.25,32.26,9733385.0,16.946656,,
20190325,31.92,31.49,9954869.0,16.946656,,
20190326,31.5,31.27,8010013.0,16.946656,,
20190327,31.65,32.44,12960889.0,16.946656,,
20190328,32.31,32.43,9377742.0,16.946656,,
20190329,32.48,34.0,23154969.0,16.946656,,
20190401,34.27,34.38,18224493.0,16.946656,,
20190402,34.31,33.82,13268988.0,16.946656,,
20190403,33.6,33.8,8735782.0,16.946656,,
20190404,33.58,33.6,8742213.0,16.946656,,
20190408,33.98,33.21,10724239.0,16.946656,,
20190409,33.09,34.5,15884732.999999998,16.946656,,
20190410,34.83,34.32,13472182.0,16.946656,,
20190411,34.3,33.07,12258965.0,16.946656,,
20190412,33.0,33.69,8889258.0,16.946656,,
20190415,33.78,32.8,14242260.0,16.946656,,
20190416,32.85,33.4,10150357.0,16.946656,,
20190417,33.42,33.76,12306139.0,16.946656,,
20190418,33.98,33.69,5930494.0,16.946656,,
20190419,33.67,33.78,4330244.0,16.946656,,
20190422,33.59,34.46,12964958.0,16.946656,,
20190423,34.37,34.15,11263630.0,16.946656,,
20190424,34.22,34.92,10251996.0,16.946656,,
20190425,34.88,35.73,23996739.0,16.946656,,
20190426,35.9,36.07,20337774.0,16.946656,,
20190429,36.03,37.09,21510646.0,16.946656,,
20190430,37.0,37.33,12135620.0,16.946656,,
20190506,35.98,34.5,24541743.0,16.946656,,
20190507,34.64,36.8,21760412.0,16.946656,,
20190508,36.01,35.09,17673441.0,16.946656,,
20190509,34.5,33.71,16908758.0,16.946656,,
20190510,34.4,35.12,15435654.0,16.946656,,
20190513,34.42,35.84,15068825.0,16.946656,,
20190514,35.6,35.12,11059234.0,16.946656,,
20190515,35.56,36.1,13000348.0,16.946656,,
20190516,36.18,36.39,9437504.0,16.946656,,
20190517,36.4,36.3,14293271.0,16.946656,,
20190520,36.2,36.69,12656341.0,16.946656,,
20190521,36.35,36.8,12731313.0,16.946656,,
20190522,36.75,36.29,11231613.0,16.946656,,
20190523,36.09,35.39,10026046.0,16.946656,,
20190524,35.4,35.4,7996925.999999999,16.946656,,
20190527,35.27,35.8,11163079.0,16.946656,,
20190528,35.98,37.89,21510161.0,16.946656,,
20190529,37.0,37.13,10933310.0,16.946656,,
20190530,37.22,37.75,13975484.0,16.946656,,
20190531,37.99,38.29,12488000.0,16.946656,,
20190603,38.3,37.46,14062390.0,16.946656,,
20190604,37.43,37.3,8441354.0,16.946656,,
20190605,28.75,27.84,17887706.0,22.148222,,
20190606,27.87,28.09,14619664.000000002,22.148222,,
20190610,28.0,28.6,12647421.0,22.148222,,
20190611,28.6,29.34,16274416.0,22.148222,,
20190612,29.1,29.18,11916271.0,22.148222,,
20190613,29.27,28.84,10509760.0,22.148222,,
20190614,28.92,28.5,12622745.0,22.148222,,
20190617,28.65,28.83,10041701.0,22.148222,,
20190618,28.87,29.35,15546994.0,22.148222,,
20190619,29.97,29.36,13675778.0,22.148222,,
20190620,29.19,29.98,20148053.0,22.148222,,
20190621,30.18,30.2,20300846.0,22.148222,,
20190624,30.02,30.08,12563862.0,22.148222,,
20190625,30.25,30.5,14530101.0,22.148222,,
20190626,30.32,31.04,15438376.0,22.148222,,
20190627,31.02,31.0,17069332.0,22.148222,,
20190628,30.9,30.97,10252219.0,22.148222,,
20190701,31.32,31.88,23000877.0,22.148222,,
20190702,31.82,31.77,14739738.0,22.148222,,
20190703,31.69,30.96,17553737.0,22.148222,,
20190704,31.08,30.25,23363577.0,22.148222,,
20190705,30.36,30.78,15901935.999999998,22.148222,,
20190708,30.76,30.74,13720482.999999998,22.148222,,
20190709,30.74,31.0,12341028.0,22.148222,,
20190710,31.18,30.55,11564296.0,22.148222,,
20190711,30.69,30.5,9883000.0,22.148222,,
20190712,30.58,30.3,11715070.0,22.148222,,
20190715,30.38,30.78,13066024.0,22.148222,,
20190716,30.77,30.44,9190593.0,22.148222,,
20190717,30.3,30.33,7600137.0,22.148222,,
20190718,30.15,29.57,13351903.0,22.148222,,
20190719,29.71,29.72,9762992.0,22.148222,,
20190722,29.93,29.81,8828249.0,22.148222,,
20190723,29.91,30.03,6696864.0,22.148222,,
20190724,30.1,30.11,9213429.0,22.148222,,
20190725,30.07,30.06,8201314.999999999,22.148222,,
20190726,30.16,30.89,14942385.0,22.148222,,
20190729,31.0,30.81,8855405.0,22.148222,,
20190730,30.99,30.48,9283193.0,22.148222,,
20190731,30.49,30.49,6388371.0,22.148222,,
20190801,30.53,30.24,6992605.0,22.148222,,
20190802,29.92,30.45,14489248.000000002,22.148222,,
20190805,30.35,29.68,12004090.0,22.148222,,
20190806,29.19,29.1,13446456.0,22.148222,,
20190807,29.31,29.87,11322208.0,22.148222,,
20190808,29.87,30.9,16300410.999999998,22.148222,,
20190809,31.0,30.88,11488041.0,22.148222,,
20190812,31.0,31.09,9506746.0,22.148222,,
20190813,30.92,30.99,5864361.0,22.148222,,
20190814,31.33,31.55,12024120.0,22.148222,,
20190815,31.22,31.65,13261282.0,22.148222,,
20190816,31.75,31.88,13035702.0,22.148222,,
20190819,32.19,32.08,12353387.0,22.148222,,
20190820,32.01,32.0,8640236.0,22.148222,,
20190821,32.0,31.77,7053746.000000001,22.148222,,
20190822,31.84,32.82,14668839.000000002,22.148222,,
20190823,32.65,33.57,19110322.0,22.148222,,
20190826,33.3,33.52,13482389.000000002,22.148222,,
20190827,33.8,34.01,17888920.0,22.148222,,
20190828,34.21,34.1,9447469.0,22.148222,,
20190829,34.0,33.29,15152646.0,22.148222,,
20190830,33.44,33.78,19524472.0,22.148222,,
20190902,34.05,34.17,16987743.0,22.148222,,
20190903,34.28,34.03,12548096.0,22.148222,,
20190904,34.0,33.95,12396048.0,22.148222,,
20190905,34.02,33.68,14124571.0,22.148222,,
20190906,34.16,33.9,10427814.0,22.148222,,
20190909,34.16,34.33,15412207.999999998,22.148222,,
20190910,34.43,34.3,13518865.0,22.148222,,
20190911,34.47,33.96,13517670.000000002,22.148222,,
20190912,34.01,33.87,9139927.0,22.148222,,
20190916,33.95,34.17,8173657.000000001,22.148222,,
20190917,33.98,33.64,8628332.0,22.148222,,
20190918,33.64,34.51,16471394.0,22.148222,,
20190919,34.68,35.57,19665526.0,22.148222,,
20190920,35.75,35.55,11738728.0,22.148222,,
20190923,35.63,35.29,9556206.0,22.148222,,
20190924,35.45,35.75,10498253.0,22.148222,,
20190925,35.55,35.26,13480645.000000002,22.148222,,
20190926,35.41,35.35,9475817.0,22.148222,,
20190927,35.38,35.16,8387342.999999999,22.148222,,
20190930,35.16,35.47,11337412.0,22.148222,,
20191008,35.2,36.08,11252067.0,22.148222,,
20191009,36.03,35.43,9111505.0,22.148222,,
20191010,35.47,36.8,14413735.0,22.148222,,
20191011,36.8,36.58,9179974.0,22.148222,,
20191014,36.95,36.6,8847917.0,22.148222,,
20191015,36.8,37.2,11031278.0,22.148222,,
20191016,37.35,37.98,17882668.0,22.148222,,
20191017,38.12,38.08,11309581.0,22.148222,,
20191018,37.92,37.84,11841995.0,22.148222,,
20191021,37.66,37.09,16520137.0,22.148222,,
20191022,37.37,38.18,11628996.0,22.148222,,
20191023,38.18,38.18,0.0,22.148222,,
20191024,38.18,38.18,0.0,22.148222,,
20191025,38.18,38.18,0.0,22.148222,,
20191028,38.18,38.18,0.0,22.148222,,
20191029,38.18,38.18,0.0,22.148222,,
20191030,38.81,40.09,28772909.999999996,22.148222,,
20191031,39.59,39.56,17121705.0,22.148222,,
20191101,39.62,41.94,21992721.0,22.148222,,
20191104,41.4,42.21,14462721.0,22.148222,,
20191105,42.15,41.95,12684965.0,22.148222,,
20191106,41.7,40.81,24501140.0,22.148222,,
20191107,40.7,41.4,14499949.0,22.148222,,
20191108,41.78,41.4,10548891.0,22.148222,,
20191111,41.18,41.64,13259151.0,22.148222,,
20191112,41.63,43.13,18153216.0,22.148222,,
20191113,43.12,45.62,24902868.0,22.148222,,
20191114,45.15,45.9,14192206.0,22.148222,,
20191115,45.88,45.13,13564824.0,22.148222,,
20191118,44.9,45.6,14370790.0,22.148222,,
20191119,45.55,47.75,21583347.0,22.148222,,
20191120,47.55,47.06,23133658.0,22.148222,,
20191121,46.6,44.0,44705126.0,22.148222,,
20191122,43.66,41.99,57980461.0,22.148222,,
20191125,42.0,41.8,29697138.0,22.148222,,
20191126,42.1,41.94,25477031.0,22.148222,,
20191127,41.74,41.39,27526976.0,22.148222,,
20191128,41.59,41.82,16687524.0,22.148222,,
20191129,41.43,39.92,36170252.0,22.148222,,
20191202,39.83,39.98,18887745.0,22.148222,,
20191203,39.78,40.34,18652171.0,22.148222,,
20191204,40.34,40.3,15282267.000000002,22.148222,,
20191205,40.5,40.69,20112569.0,22.148222,,
20191206,40.6,41.3,19001917.0,22.148222,,
20191209,41.35,39.99,25080585.0,22.148222,,
20191210,39.59,40.23,17272361.0,22.148222,,
20191211,40.39,40.2,10942293.0,22.148222,,
20191212,40.19,39.93,10628839.0,22.148222,,
20191213,40.3,40.83,19826728.0,22.148222,,
20191216,40.9,40.15,27234411.0,22.148222,,
20191217,39.93,40.35,24298271.0,22.148222,,
20191218,40.2,39.53,23463527.0,22.148222,,
20191219,39.6,39.44,16823419.0,22.148222,,
20191220,39.65,39.0,16778007.0,22.148222,,
20191223,39.03,39.14,15934060.0,22.148222,,
20191224,39.15,38.49,19325482.0,22.148222,,
20191225,38.4,38.97,14742234.0,22.148222,,
20191226,39.18,39.0,14266760.999999998,22.148222,,
20191227,38.74,38.56,15945871.0,22.148222,,
20191230,38.3,38.68,16174893.0,22.148222,,
20191231,38.76,39.56,22980294.0,22.148222,0.0,0.3
20200102,39.86,39.5,21044677.0,22.148222,,
20200103,39.6,39.39,19790793.0,22.148222,,
20200106,39.29,38.54,27147701.0,22.148222,,
20200107,38.57,39.19,21083393.0,22.148222,,
20200108,39.03,38.81,17637083.0,22.148222,,
20200109,39.3,41.44,50739946.0,22.148222,,
20200110,41.94,41.76,26621395.0,22.148222,,
20200113,41.33,41.53,23979918.0,22.148222,,
20200114,41.11,41.22,20220162.0,22.148222,,
20200115,41.22,41.08,15571357.999999998,22.148222,,
20200116,41.12,42.66,35919745.0,22.148222,,
20200117,42.63,42.99,26954876.0,22.148222,,
20200120,43.4,43.04,20049273.0,22.148222,,
20200121,43.0,42.75,16676887.0,22.148222,,
20200122,42.5,42.38,17595830.0,22.148222,,
20200123,41.89,40.0,42563268.0,22.148222,,
20200203,36.5,36.83,56771260.0,22.148222,,
20200204,37.2,39.28,35843985.0,22.148222,,
20200205,39.87,39.76,32115053.000000004,22.148222,,
20200206,39.38,40.34,23422017.0,22.148222,,
20200207,40.0,40.3,19629430.0,22.148222,,
20200210,40.25,41.12,22392633.0,22.148222,,
20200211,41.1,41.9,21163416.0,22.148222,,
20200212,41.7,41.78,16797152.0,22.148222,,
20200213,41.6,41.32,18009447.0,22.148222,,
20200214,41.02,41.11,15563071.0,22.148222,,
20200217,41.12,42.18,21042462.0,22.148222,,
20200218,42.22,42.12,17214367.0,22.148222,,
20200219,42.01,41.51,13295464.000000002,22.148222,,
20200220,41.55,43.8,36888140.0,22.148222,,
20200221,43.6,43.3,19008678.0,22.148222,,
20200224,42.7,42.7,23468500.0,22.148222,,
20200225,41.82,42.38,17961710.0,22.148222,,
20200226,41.84,40.79,25490544.0,22.148222,,
20200227,40.89,41.67,17364773.0,22.148222,,
20200228,39.9,40.0,19299620.0,22.148222,,
20200302,40.55,42.0,23356574.0,22.148222,,
20200303,42.58,42.42,22238504.0,22.148222,,
20200304,42.0,43.6,28453411.0,22.148222,,
20200305,43.64,44.71,32582958.0,22.148222,,
20200306,44.63,44.9,20119394.0,22.148222,,
20200309,44.72,43.99,20516022.0,22.148222,,
20200310,43.76,43.93,25811310.0,22.148222,,
20200311,43.99,43.16,14573248.000000002,22.148222,,
20200312,42.7,41.58,25199840.0,22.148222,,
20200313,39.5,41.15,35853855.0,22.148222,,
20200316,41.14,38.96,26180010.0,22.148222,,
20200317,39.0,38.34,26593590.000000004,22.148222,,
20200318,38.8,38.05,23943459.0,22.148222,,
20200319,37.8,36.0,63007054.0,22.148222,,
20200320,36.54,36.11,30468423.0,22.148222,,
20200323,35.0,34.2,29605826.0,22.148222,,
20200324,35.16,37.26,39700495.0,22.148222,,
20200325,38.74,38.67,30628957.0,22.148222,,
20200326,38.27,38.8,14937974.0,22.148222,,
20200327,39.3,38.82,17790788.0,22.148222,,
20200330,38.12,38.15,16356738.0,22.148222,,
20200331,38.65,39.38,16623068.0,22.148222,,
20200401,39.25,38.91,14091981.0,22.148222,,
20200402,38.78,39.5,9669036.0,22.148222,,
20200403,39.51,39.38,8981703.0,22.148222,,
20200407,39.92,40.33,14263654.0,22.148222,,
20200408,40.0,40.26,9606153.0,22.148222,,
20200409,40.41,41.88,20925475.0,22.148222,,
20200410,41.9,42.89,28247269.0,22.148222,,
20200413,42.67,42.58,11223386.0,22.148222,,
20200414,43.01,43.74,16211814.000000002,22.148222,,
20200415,43.9,43.31,14996960.999999998,22.148222,,
20200416,43.3,43.06,12821697.0,22.148222,,
20200417,43.1,43.09,14041068.0,22.148222,,
20200420,43.44,43.0,11973913.0,22.148222,,
20200421,43.0,42.4,12408425.0,22.148222,,
20200422,42.68,44.03,20670242.0,22.148222,,
20200423,44.03,44.03,0.0,22.148222,,
20200424,43.94,43.96,20019116.0,22.148222,,
20200427,44.03,44.3,17353373.0,22.148222,,
20200428,44.05,45.09,17280435.0,22.148222,,
20200429,44.95,45.68,16489249.0,22.148222,,
20200430,45.6,44.39,16972041.0,22.148222,,
20200506,44.31,45.49,17246767.0,22.148222,,
20200507,45.7,46.58,14076897.0,22.148222,,
20200508,46.68,46.8,12904919.0,22.148222,,
20200511,47.25,45.6,15259794.0,22.148222,,
20200512,45.86,46.32,11659588.0,22.148222,,
20200513,46.32,48.3,22515070.0,22.148222,,
20200514,48.07,47.91,13980793.0,22.148222,,
20200515,47.65,47.74,11816351.0,22.148222,,
20200518,47.5,49.1,17260707.0,22.148222,,
20200519,49.21,48.75,12599945.0,22.148222,,
20200520,48.9,47.89,17156077.0,22.148222,,
20200521,47.94,48.88,15280807.999999998,22.148222,,
20200522,49.0,47.87,12117213.0,22.148222,,
20200525,47.9,48.71,11630997.0,22.148222,,
20200526,48.98,50.02,12478342.0,22.148222,,
20200527,50.02,49.29,10491449.0,22.148222,,
20200528,37.99,37.65,16516821.0,28.880578,,
20200529,37.5,39.16,29064914.0,28.880578,,
20200601,39.2,40.33,20771086.0,28.880578,,
20200602,40.03,39.3,21691692.0,28.880578,,
20200603,39.39,39.15,19432316.0,28.880578,,
20200604,39.2,40.02,20460485.0,28.880578,,
20200605,39.65,40.5,19680157.0,28.880578,,
20200608,40.49,39.98,19359046.0,28.880578,,
20200609,39.78,40.59,13142641.0,28.880578,,
20200610,40.53,41.8,23313859.0,28.880578,,
20200611,41.7,41.42,16601090.0,28.880578,,
20200612,40.92,41.96,22597197.0,28.880578,,
20200615,42.33,41.88,18836790.0,28.880578,,
20200616,42.19,43.2,18725305.0,28.880578,,
20200617,43.17,43.64,23842883.0,28.880578,,
20200618,43.4,44.22,19558422.0,28.880578,,
20200619,44.2,46.3,30831500.0,28.880578,,
20200622,46.0,45.76,36036512.0,28.880578,,
20200623,45.5,46.08,27397114.0,28.880578,,
20200624,45.7,44.05,61418263.0,28.880578,,
20200629,43.95,43.1,51123574.0,28.880578,,
20200630,43.1,43.45,32850805.0,28.880578,,
20200701,43.9,43.46,23331969.0,28.880578,,
20200702,43.46,42.3,40074479.0,28.880578,,
20200703,41.97,43.25,43483497.0,28.880578,,
20200706,43.01,43.5,46048041.0,28.880578,,
20200707,43.0,44.38,52587062.0,28.880578,,
20200708,44.38,44.72,37765211.0,28.880578,,
20200709,44.35,46.35,40727069.0,28.880578,,
20200710,45.93,45.93,33417538.0,28.880578,,
20200713,45.93,46.83,39377354.0,28.880578,,
20200714,46.74,45.92,32703957.0,28.880578,,
20200715,45.93,47.71,46185189.0,28.880578,,
20200716,47.6,44.2,46433953.0,28.880578,,
20200717,44.35,44.19,32505436.0,28.880578,,
20200720,44.44,43.95,27525395.0,28.880578,,
20200721,43.95,45.3,30295755.0,28.880578,,
20200722,45.0,45.8,24882369.0,28.880578,,
20200723,45.45,46.08,25961050.0,28.880578,,
20200724,45.8,44.0,30663949.0,28.880578,,
20200727,44.0,46.0,34746423.0,28.880578,,
20200728,46.0,45.73,19991167.0,28.880578,,
20200729,45.42,46.14,22063681.0,28.880578,,
20200730,46.13,45.32,23411641.0,28.880578,,
20200731,45.39,45.3,25357262.0,28.880578,,
20200803,45.45,46.84,35895758.0,28.880578,,
20200804,46.84,47.7,31813168.0,28.880578,,
20200805,47.7,47.45,20210378.0,28.880578,,
20200806,47.45,46.92,19567690.0,28.880578,,
20200807,46.92,45.87,24751208.0,28.880578,,
20200810,46.0,46.35,15811557.0,28.880578,,
20200811,46.26,46.15,25287690.0,28.880578,,
20200812,46.2,45.9,22788631.0,28.880578,,
20200813,46.15,44.4,19952662.0,28.880578,,
20200814,44.41,44.95,23662460.0,28.880578,,
20200817,44.98,45.56,17197391.0,28.880578,,
20200818,45.4,45.43,11324456.0,28.880578,,
20200819,45.43,44.5,13079949.0,28.880578,,
20200820,44.51,44.17,12020926.0,28.880578,,
20200821,44.44,45.3,14768684.0,28.880578,,
20200824,45.69,46.2,19337277.0,28.880578,,
20200825,46.19,46.35,14307832.999999998,28.880578,,
20200826,47.31,49.98,65372824.0,28.880578,,
20200827,50.22,50.51,27172814.0,28.880578,,
20200828,50.5,51.23,25841658.0,28.880578,,
20200831,51.52,51.97,29534858.0,28.880578,,
20200901,51.72,53.73,28652602.0,28.880578,,
20200902,53.73,53.43,22737050.0,28.880578,,
20200903,53.18,53.65,32773076.0,28.880578,,
20200904,52.53,52.5,32969675.0,28.880578,,
20200907,52.69,51.03,27279059.000000004,28.880578,,
20200908,51.11,50.62,17757568.0,28.880578,,
20200909,50.51,49.02,24939198.0,28.880578,,
20200910,49.63,49.02,18872184.0,28.880578,,
20200911,49.13,49.85,17965859.0,28.880578,,
20200914,50.03,49.66,19324016.0,28.880578,,
20200915,49.5,49.78,17852284.0,28.880578,,
20200916,49.66,48.67,17122206.0,28.880578,,
20200917,48.6,47.6,17629836.0,28.880578,,
20200918,47.6,47.7,16269034.0,28.880578,,
20200921,47.7,47.16,16501897.0,28.880578,,
20200922,46.96,46.84,15647144.0,28.880578,,
20200923,46.99,48.53,33630992.0,28.880578,,
20200924,48.0,47.3,17253039.0,28.880578,,
20200925,47.38,48.07,16078715.0,28.880578,,
20200928,48.1,48.64,19951972.0,28.880578,,
20200929,48.7,49.53,16792470.0,28.880578,,
20200930,49.6,51.42,25843553.0,28.880578,,
20201009,51.82,53.19,21407230.0,28.880578,,
20201012,53.19,57.2,28855814.0,28.880578,,
20201013,57.1,58.05,20149253.0,28.880578,,
20201014,58.0,57.76,17696267.0,28.880578,,
20201015,57.78,57.26,16302879.0,28.880578,,
20201016,57.26,57.08,13554520.000000002,28.880578,,
20201019,57.67,56.21,14760222.0,28.880578,,
20201020,56.32,57.38,11880914.0,28.880578,,
20201021,57.46,58.18,15609872.0,28.880578,,
20201022,57.66,58.5,11843295.0,28.880578,,
20201023,58.42,57.19,13242144.0,28.880578,,
20201026,56.72,56.8,12084135.0,28.880578,,
20201027,58.98,61.46,34033939.0,28.880578,,
20201028,62.01,62.89,23577531.0,28.880578,,
20201029,62.07,62.4,14998826.0,28.880578,,
20201030,63.01,62.26,17196142.0,28.880578,,
20201102,62.61,64.19,22663979.0,28.880578,,
20201103,64.0,64.7,16650149.0,28.880578,,
20201104,64.55,67.5,18406544.0,28.880578,,
20201105,67.12,67.01,22022495.0,28.880578,,
20201106,66.55,65.68,23423184.0,28.880578,,
20201109,66.01,68.67,21297734.0,28.880578,,
20201110,68.6,69.31,18769093.0,28.880578,,
20201111,69.25,68.07,21337029.0,28.880578,,
20201112,68.4,69.71,16036707.999999998,28.880578,,
20201113,69.3,68.85,12180542.0,28.880578,,
20201116,69.69,69.09,12334110.0,28.880578,,
20201117,69.48,66.0,30176643.0,28.880578,,
20201118,66.59,62.5,41176910.0,28.880578,,
20201119,62.0,62.53,26958155.0,28.880578,,
20201120,63.1,64.45,21829895.0,28.880578,,
20201123,64.45,64.57,14550446.0,28.880578,,
20201124,64.0,63.63,18590149.0,28.880578,,
20201125,63.47,62.06,15590068.0,28.880578,,
20201126,62.63,62.06,15982569.0,28.880578,,
20201127,62.01,62.62,10086433.0,28.880578,,
20201130,62.66,61.2,20502465.0,28.880578,,
20201201,62.01,65.28,25912519.0,28.880578,,
20201202,65.2,64.05,16505501.0,28.880578,,
20201203,64.17,66.59,29121965.000000004,28.880578,,
20201204,66.17,67.01,21459854.0,28.880578,,
20201207,66.9,66.8,16038256.0,28.880578,,
20201208,67.09,66.63,11668662.0,28.880578,,
20201209,66.64,66.0,14559165.0,28.880578,,
20201210,66.21,68.45,21240643.0,28.880578,,
20201211,68.88,67.29,24579770.0,28.880578,,
20201214,67.01,68.85,17105479.0,28.880578,,
20201215,68.95,68.9,19277571.0,28.880578,,
20201216,69.0,69.81,14430541.0,28.880578,,
20201217,69.93,70.66,19237464.0,28.880578,,
20201218,70.82,69.5,23907730.0,28.880578,,
20201221,69.61,69.44,24516776.0,28.880578,,
20201222,69.0,68.9,30545637.0,28.880578,,
20201223,69.69,70.23,23933713.0,28.880578,,
20201224,70.09,72.7,21155162.0,28.880578,,
20201225,72.98,72.8,14530424.0,28.880578,,
20201228,72.98,72.03,14850317.000000002,28.880578,,
20201229,71.5,71.46,14909404.0,28.880578,,
20201230,71.2,73.85,20504999.0,28.880578,,
20201231,73.85,74.89,21238820.0,28.880578,0.2965786,0.0
20210104,71.0,68.22,160983448.0,28.880578,,
20210105,67.51,69.06,81947678.0,28.880578,,
20210106,69.05,71.49,54441290.0,28.880578,,
20210107,71.12,77.4,60444711.0,28.880578,,
20210108,77.5,75.93,55438694.99999999,28.880578,,
20210111,74.49,72.07,45089901.0,28.880578,,
20210112,71.45,72.52,40748944.0,28.880578,,
20210113,73.24,71.6,26970500.0,28.880578,,
20210114,70.7,71.39,28117614.0,28.880578,,
20210115,70.49,71.71,23897889.0,28.880578,,
20210118,71.4,71.81,18780818.0,28.880578,,
20210119,71.8,70.6,29793778.999999996,28.880578,,
20210120,70.7,75.4,51163078.0,28.880578,,
20210121,74.81,75.49,28318287.0,28.880578,,
20210122,75.08,80.7,41534277.0,28.880578,,
20210125,80.12,81.76,32130564.0,28.880578,,
20210126,81.01,79.89,26380500.0,28.880578,,
20210127,80.06,82.37,28169117.0,28.880578,,
20210128,80.58,78.91,25299189.0,28.880578,,
20210129,80.2,78.73,22801555.0,28.880578,,
20210201,78.91,79.2,25348278.0,28.880578,,
20210202,80.0,80.3,25919467.0,28.880578,,
20210203,80.0,79.2,25259998.0,28.880578,,
20210204,78.04,78.54,22534067.0,28.880578,,
20210205,79.5,82.18,37134693.0,28.880578,,
20210208,82.3,85.99,28632556.0,28.880578,,
20210209,85.52,85.14,32999881.0,28.880578,,
20210210,85.77,91.1,34550800.0,28.880578,,
20210218,92.59,88.04,28920345.0,28.880578,,
20210219,88.1,88.89,25423870.0,28.880578,,
20210222,88.6,82.3,36839967.0,28.880578,,
20210223,81.0,81.38,26152169.0,28.880578,,
20210224,80.55,74.79,54173713.0,28.880578,,
20210225,75.55,76.77,37620033.0,28.880578,,
20210226,74.49,72.28,42121555.0,28.880578,,
20210301,72.51,69.45,64701615.0,28.880578,,
20210302,70.61,68.28,52728365.0,28.880578,,
20210303,67.54,68.83,29637887.0,28.880578,,
20210304,68.0,63.79,54081471.0,28.880578,,
20210305,62.12,62.8,44491620.0,28.880578,,
20210308,63.59,56.97,66902865.0,28.880578,,
20210309,56.42,54.23,66718926.0,28.880578,,
20210310,56.2,57.2,69617086.0,28.880578,,
20210311,57.21,60.72,61008154.0,28.880578,,
20210312,61.49,61.82,42881219.0,28.880578,,
20210315,60.94,58.0,48243368.0,28.880578,,
20210316,58.97,58.68,40498548.0,28.880578,,
20210317,58.25,58.1,38752474.0,28.880578,,
20210318,58.7,60.25,39171127.0,28.880578,,
20210319,58.5,56.97,46433176.0,28.880578,,
20210322,57.38,57.16,25557052.0,28.880578,,
20210323,57.17,58.11,27143955.0,28.880578,,
20210324,57.56,59.72,41234692.0,28.880578,,
20210325,58.8,60.39,28158617.0,28.880578,,
20210326,61.2,62.05,37002016.0,28.880578,,
20210329,61.1,60.05,42620866.0,28.880578,,
20210330,60.0,60.77,38121610.0,28.880578,,
20210331,60.2,59.25,28488986.0,28.880578,,
20210401,59.49,63.0,36671881.0,28.880578,,
20210402,63.12,64.51,33053199.0,28.880578,,
20210406,65.0,62.96,29347803.000000004,28.880578,,
20210407,62.65,60.77,34342787.0,28.880578,,
20210408,60.11,61.3,25539069.0,28.880578,,
20210409,61.4,61.3,22453005.0,28.880578,,
20210412,60.9,58.03,41277654.0,28.880578,,
20210413,57.99,59.65,35822403.0,28.880578,,
20210414,59.75,60.71,20568360.0,28.880578,,
20210415,60.13,59.75,17228125.0,28.880578,,
20210416,60.81,59.4,18937125.0,28.880578,,
20210419,59.05,61.27,26037605.0,28.880578,,
20210420,60.9,61.93,35350634.0,28.880578,,
20210421,61.09,63.4,34269415.0,28.880578,,
20210422,64.0,63.65,33603059.0,28.880578,,
20210423,66.0,70.63,80718993.0,28.880578,,
20210426,71.0,70.43,49460397.0,28.880578,,
20210427,70.44,73.98,44486315.0,28.880578,,
20210428,73.35,75.35,33689504.0,28.880578,,
20210429,75.0,74.76,25400150.0,28.880578,,
20210430,74.35,74.48,18637657.0,28.880578,,
20210506,74.01,72.39,30786806.0,28.880578,,
20210507,73.5,69.29,27698933.0,28.880578,,
20210510,70.01,69.5,24490291.0,28.880578,,
20210511,69.2,71.78,30875545.0,28.880578,,
20210512,71.9,74.73,30445806.0,28.880578,,
20210513,73.5,74.99,25149281.0,28.880578,,
20210514,74.88,74.72,25033937.0,28.880578,,
20210517,74.99,77.89,24674942.0,28.880578,,
20210518,77.5,77.9,18253130.0,28.880578,,
20210519,77.5,78.22,15286640.0,28.880578,,
20210520,77.34,77.66,18723883.0,28.880578,,
20210521,77.99,79.69,24586067.0,28.880578,,
20210524,79.76,79.17,19253952.0,28.880578,,
20210525,79.07,82.49,27439107.0,28.880578,,
20210526,82.12,81.5,16273017.000000002,28.880578,,
20210527,81.24,84.01,22802546.0,28.880578,,
20210528,84.2,83.89,22921373.0,28.880578,,
20210531,83.5,83.86,18747024.0,28.880578,,
20210601,83.8,86.01,21729775.0,28.880578,,
20210602,86.0,85.1,20233488.0,28.880578,,
20210603,84.55,85.5,17667756.0,28.880578,,
20210604,85.0,85.21,13918874.0,28.880578,,
20210607,84.8,83.9,26563692.0,28.880578,,
20210608,83.9,83.9,24235510.0,28.880578,,
20210609,83.01,85.86,24748522.0,28.880578,,
20210610,86.3,87.01,19478175.0,28.880578,,
20210611,87.44,85.89,16919617.0,28.880578,,
20210615,85.88,84.9,15188139.000000002,28.880578,,
20210616,85.0,81.07,26463198.0,28.880578,,
20210617,80.9,82.48,23424102.0,28.880578,,
20210618,84.14,84.0,18462567.0,28.880578,,
20210621,82.55,82.85,18003740.0,28.880578,,
20210622,82.7,87.3,29037151.0,28.880578,,
20210623,87.0,85.83,23823420.0,28.880578,,
20210624,66.49,64.87,30139093.0,37.512409,,
20210625,65.26,67.58,34460933.0,37.512409,,
20210628,68.27,69.9,40026502.0,37.512409,,
20210629,70.18,69.26,26906146.999999996,37.512409,,
20210630,69.49,70.98,27553800.0,37.512409,,
20210701,71.0,71.28,27300490.000000004,37.512409,,
20210702,71.3,68.28,34378535.0,37.512409,,
20210705,68.57,68.67,28849893.0,37.512409,,
20210706,68.8,63.41,74128810.0,37.512409,,
20210707,63.93,67.22,49482366.0,37.512409,,
20210708,68.15,64.88,37225769.0,37.512409,,
20210709,64.86,63.83,42358686.0,37.512409,,
20210712,64.23,66.0,36172928.0,37.512409,,
20210713,66.0,66.3,22743596.0,37.512409,,
20210714,65.8,66.66,30384552.0,37.512409,,
20210715,66.2,67.02,23877897.0,37.512409,,
20210716,66.16,65.11,25210160.0,37.512409,,
20210719,64.99,66.43,26621171.000000004,37.512409,,
20210720,65.67,66.38,19879333.0,37.512409,,
20210721,66.2,67.33,23316522.0,37.512409,,
20210722,68.01,65.5,31352006.0,37.512409,,
20210723,65.0,63.39,31865787.0,37.512409,,
20210726,60.99,56.8,101603624.0,37.512409,,
20210727,57.14,55.22,61441699.0,37.512409,,
20210728,54.53,57.51,57528588.0,37.512409,,
20210729,59.21,61.01,55747402.0,37.512409,,
20210730,60.1,58.7,38291913.0,37.512409,,
20210802,57.0,57.75,62286088.0,37.512409,,
20210803,57.02,59.27,42995738.0,37.512409,,
20210804,58.2,58.04,34440130.0,37.512409,,
20210805,57.15,56.5,36314977.0,37.512409,,
20210806,56.48,56.1,26082307.0,37.512409,,
20210809,56.1,57.07,27897282.0,37.512409,,
20210810,57.06,57.71,43871761.0,37.512409,,
20210811,57.75,55.54,38604360.0,37.512409,,
20210812,54.96,54.78,25142917.0,37.512409,,
20210813,54.73,52.94,55585313.0,37.512409,,
20210816,53.16,53.7,28266665.999999996,37.512409,,
20210817,53.28,52.0,42743029.0,37.512409,,
20210818,52.39,50.7,53403406.99999999,37.512409,,
20210819,51.72,50.07,43458276.0,37.512409,,
20210820,49.5,46.75,77170650.0,37.512409,,
20210823,47.5,46.35,56387926.0,37.512409,,
20210824,46.8,49.55,74791100.0,37.512409,,
20210825,49.88,50.96,65624569.99999999,37.512409,,
20210826,51.26,48.71,45446927.0,37.512409,,
20210827,47.96,47.05,62942814.0,37.512409,,
20210830,47.02,46.0,80276388.0,37.512409,,
20210831,46.01,42.2,92293336.0,37.512409,,
20210901,42.05,42.8,80011139.0,37.512409,,
20210902,42.41,40.86,60532353.0,37.512409,,
20210903,41.06,41.12,45327917.0,37.512409,,
20210906,41.16,44.9,100159125.0,37.512409,,
20210907,44.98,45.01,59329914.0,37.512409,,
20210908,45.02,44.81,38720619.0,37.512409,,
20210909,44.9,45.18,39834417.0,37.512409,,
20210910,45.19,44.91,33371575.0,37.512409,,
20210913,45.17,45.8,47930114.0,37.512409,,
20210914,45.51,46.9,49919592.0,37.512409,,
20210915,46.9,45.83,35234497.0,37.512409,,
20210916,45.3,48.69,79759413.0,37.512409,,
20210917,48.6,52.06,85726399.0,37.512409,,
20210922,51.0,53.52,54253835.0,37.512409,,
20210923,53.54,52.35,49561902.0,37.512409,,
20210924,51.76,51.88,32353542.0,37.512409,,
20210927,52.2,54.57,68040893.0,37.512409,,
20210928,54.0,53.68,33328986.0,37.512409,,
20210929,53.22,52.63,37824054.0,37.512409,,
20210930,52.58,53.4,28368978.000000004,37.512409,,
20211008,53.86,53.18,33124419.0,37.512409,,
20211011,53.4,51.44,39879205.0,37.512409,,
20211012,51.0,51.4,32799280.0,37.512409,,
20211013,50.88,52.48,24505271.0,37.512409,,
20211014,52.38,48.01,69323869.0,37.512409,,
20211015,47.01,47.12,53445212.0,37.512409,,
20211018,47.26,47.27,33188989.0,37.512409,,
20211019,47.04,47.18,27202561.0,37.512409,,
20211020,47.55,46.81,47320339.0,37.512409,,
20211021,46.66,46.58,22922566.0,37.512409,,
20211022,46.69,46.7,22353307.0,37.512409,,
20211025,46.5,47.32,31392590.999999996,37.512409,,
20211026,45.41,48.19,62743297.0,37.512409,,
20211027,48.19,46.06,50051318.0,37.512409,,
20211028,46.03,45.76,26443594.0,37.512409,,
20211029,45.66,48.53,55596671.0,37.512409,,
20211101,48.1,46.1,51863671.0,37.512409,,
20211102,45.6,46.5,34826324.0,37.512409,,
20211103,46.25,47.46,34227913.0,37.512409,,
20211104,47.55,47.55,24039662.0,37.512409,,
20211105,47.5,48.49,35286493.0,37.512409,,
20211108,48.3,47.7,23200010.0,37.512409,,
20211109,47.7,48.23,30073749.0,37.512409,,
20211110,47.87,46.75,28454242.0,37.512409,,
20211111,46.53,48.22,31717219.0,37.512409,,
20211112,48.22,47.59,17816916.0,37.512409,,
20211115,47.64,48.34,20165487.0,37.512409,,
20211116,48.38,50.1,49717798.0,37.512409,,
20211117,49.95,49.43,28033270.0,37.512409,,
20211118,48.94,47.7,32954402.0,37.512409,,
20211119,47.2,47.26,24100988.0,37.512409,,
20211122,47.31,47.09,23724617.0,37.512409,,
20211123,46.71,46.86,16838632.0,37.512409,,
20211124,46.8,47.45,27962684.000000004,37.512409,,
20211125,47.48,47.19,20453245.0,37.512409,,
20211126,47.06,46.11,28019794.0,37.512409,,
20211129,45.52,43.47,60937471.0,37.512409,,
20211130,43.39,42.68,39746876.0,37.512409,,
20211201,42.5,42.15,31680701.0,37.512409,,
20211202,42.1,41.46,38932396.0,37.512409,,
20211203,41.5,42.15,32137874.0,37.512409,,
20211206,42.25,42.52,29253009.000000004,37.512409,,
20211207,42.8,42.99,27972684.999999996,37.512409,,
20211208,42.81,43.14,25397429.0,37.512409,,
20211209,43.2,45.72,75866486.0,37.512409,,
20211210,45.12,44.35,56104842.00000001,37.512409,,
20211213,44.12,44.71,35632208.0,37.512409,,
20211214,44.18,44.08,25005594.0,37.512409,,
20211215,43.81,42.77,32011506.0,37.512409,,
20211216,42.68,43.5,24162665.0,37.512409,,
20211217,43.48,42.83,24941064.0,37.512409,,
20211220,42.62,42.2,23716450.0,37.512409,,
20211221,42.15,43.12,21911774.0,37.512409,,
20211222,42.92,43.07,13168572.0,37.512409,,
20211223,43.2,42.7,16391064.000000002,37.512409,,
20211224,42.88,43.17,21305853.0,37.512409,,
20211227,43.36,43.99,26043562.0,37.512409,,
20211228,43.87,43.6,20248755.0,37.512409,,
20211229,43.6,43.49,24331852.0,37.512409,,
20211230,43.22,43.65,34252840.0,37.512409,,
20211231,43.63,42.28,44295765.0,37.512409,0.29916339999999997,0.0
20220104,42.16,42.21,26001049.0,37.512409,,
20220105,42.1,41.54,27147188.0,37.512409,,
20220106,41.31,38.8,77057571.0,37.512409,,
20220107,38.96,38.73,41350581.0,37.512409,,
20220110,37.58,37.29,77147004.0,37.512409,,
20220111,36.97,36.28,58259474.0,37.512409,,
20220112,36.13,36.81,53574068.00000001,37.512409,,
20220113,37.05,36.09,64574805.00000001,37.512409,,
20220114,35.8,35.45,58378968.99999999,37.512409,,
20220117,35.28,35.53,47592528.0,37.512409,,
20220118,35.56,36.06,55385799.0,37.512409,,
20220119,35.8,35.46,31437734.999999996,37.512409,,
20220120,35.3,35.05,32623059.000000004,37.512409,,
20220121,34.8,34.21,55902781.99999999,37.512409,,
20220124,34.0,34.46,29001494.0,37.512409,,
20220125,34.19,33.75,28227556.0,37.512409,,
20220126,33.98,33.32,31743342.0,37.512409,,
20220127,33.0,32.23,33369674.0,37.512409,,
20220128,32.56,32.27,29158771.000000004,37.512409,,
20220207,32.7,32.11,27281034.999999996,37.512409,,
20220208,31.9,32.83,38806981.0,37.512409,,
20220209,32.83,33.5,40991880.0,37.512409,,
20220210,33.51,33.59,32756993.0,37.512409,,
20220211,33.3,32.4,31993762.0,37.512409,,
20220214,32.1,33.4,34364502.0,37.512409,,
20220215,33.4,35.2,77447472.0,37.512409,,
20220216,35.3,34.95,33777219.0,37.512409,,
20220217,34.9,35.0,24930502.0,37.512409,,
20220218,34.77,35.05,18069109.0,37.512409,,
20220221,35.03,34.51,26728768.0,37.512409,,
20220222,34.24,34.06,26535053.999999996,37.512409,,
20220223,34.31,34.53,25766692.0,37.512409,,
20220224,34.38,33.45,38801338.0,37.512409,,
20220225,33.55,35.38,66872198.0,37.512409,,
20220228,35.1,36.26,63825066.0,37.512409,,
20220301,36.06,36.31,30153211.0,37.512409,,
20220302,36.05,35.56,24470338.0,37.512409,,
20220303,35.89,35.21,23080532.0,37.512409,,
20220304,34.92,34.98,24566403.0,37.512409,,
20220307,34.6,32.65,53460674.0,37.512409,,
20220308,32.73,33.01,40305387.0,37.512409,,
20220309,32.68,31.56,50682584.0,37.512409,,
20220310,32.5,32.04,37175258.0,37.512409,,
20220311,31.61,32.5,31648871.000000004,37.512409,,
20220314,31.87,30.41,51812060.0,37.512409,,
20220315,30.0,26.94,181584365.0,37.512409,,
20220316,26.84,27.27,162629413.0,37.512409,,
20220317,28.0,29.45,140170248.0,37.512409,,
20220318,29.01,28.61,78251999.0,37.512409,,
20220321,28.83,28.49,40004770.0,37.512409,,
20220322,28.2,28.03,32775281.0,37.512409,,
20220323,28.28,29.73,71258156.0,37.512409,,
20220324,29.37,30.51,73435171.0,37.512409,,
20220325,30.51,29.66,55680751.0,37.512409,,
20220328,29.07,29.09,31922309.999999996,37.512409,,
20220329,29.65,28.79,27380899.0,37.512409,,
20220330,29.05,31.75,92089082.0,37.512409,,
20220331,31.13,31.55,79932583.0,37.512409,,
20220401,31.2,32.09,64148362.0,37.512409,,
20220406,31.95,31.7,40488620.0,37.512409,,
20220407,31.56,31.75,34043431.0,37.512409,,
20220408,31.8,32.14,47589621.0,37.512409,,
20220411,31.57,31.25,45919606.0,37.512409,,
20220412,31.0,32.92,54871074.0,37.512409,,
20220413,32.81,33.5,59876543.99999999,37.512409,,
20220414,33.96,35.07,67350249.0,37.512409,,
20220415,34.43,34.55,40353386.0,37.512409,,
20220418,34.34,33.58,37003798.0,37.512409,,
20220419,33.33,33.07,27863056.0,37.512409,,
20220420,33.07,33.68,40403434.0,37.512409,,
20220421,33.3,32.36,37339465.0,37.512409,,
20220422,31.9,34.45,45187132.0,37.512409,,
20220425,33.8,33.58,51114561.0,37.512409,,
20220426,34.2,35.71,74157971.0,37.512409,,
20220427,35.15,36.43,62115534.0,37.512409,,
20220428,36.0,35.31,46514582.0,37.512409,,
20220429,35.31,35.92,50298819.0,37.512409,,
20220505,35.7,35.89,30126164.0,37.512409,,
20220506,35.21,36.18,43631305.0,37.512409,,
20220509,35.88,32.31,71973741.0,37.512409,,
20220510,31.35,33.82,54589156.00000001,37.512409,,
20220511,34.0,33.47,43932954.0,37.512409,,
20220512,33.93,35.22,49933616.0,37.512409,,
20220513,35.22,35.45,28104598.0,37.512409,,
20220516,35.45,34.55,28344465.999999996,37.512409,,
20220517,34.56,35.0,20689863.0,37.512409,,
20220518,34.99,34.34,21269963.0,37.512409,,
20220519,33.84,34.27,24860042.0,37.512409,,
20220520,34.5,35.12,30099803.999999996,37.512409,,
20220523,35.12,34.72,18273913.0,37.512409,,
20220524,34.72,33.81,24189736.0,37.512409,,
20220525,33.85,34.1,19642379.0,37.512409,,
20220526,34.02,34.29,17769649.0,37.512409,,
20220527,34.59,33.64,34488529.0,37.512409,,
20220530,33.51,35.09,39247368.0,37.512409,,
20220531,35.0,37.16,55585875.0,37.512409,,
20220601,37.11,36.6,30154921.000000004,37.512409,,
20220602,36.58,35.12,44025567.0,37.512409,,
20220606,34.97,35.73,36079008.0,37.512409,,
20220607,35.74,35.94,28308155.0,37.512409,,
20220608,35.75,37.48,58164515.0,37.512409,,
20220609,37.48,36.66,29051745.0,37.512409,,
20220610,36.5,37.1,26832088.0,37.512409,,
20220613,36.56,36.87,29820084.000000004,37.512409,,
20220614,36.4,36.84,23070459.0,37.512409,,
20220615,36.95,37.6,37440764.0,37.512409,,
20220616,37.58,37.95,30344809.000000004,37.512409,,
20220617,37.6,40.0,61086964.0,37.512409,,
20220620,40.88,40.96,55049782.99999999,37.512409,,
20220621,40.77,40.77,32980677.0,37.512409,,
20220622,40.94,41.09,35256771.0,37.512409,,
20220623,40.98,41.05,29918913.0,37.512409,,
20220624,41.04,41.86,47738342.0,37.512409,,
20220627,41.85,41.66,27287673.0,37.512409,,
20220628,41.4,41.4,26515351.0,37.512409,,
20220629,41.39,41.5,33564714.0,37.512409,,
20220630,41.52,44.77,59614767.00000001,37.512409,,
20220701,44.76,43.65,34161177.0,37.512409,,
20220704,43.66,44.66,34075013.0,37.512409,,
20220705,45.0,44.65,30866442.0,37.512409,,
20220706,45.1,43.48,38957839.0,37.512409,,
20220707,43.64,42.51,30367270.0,37.512409,,
20220708,42.94,43.24,22831776.0,37.512409,,
20220711,33.16,32.48,39991713.0,48.871243,,
20220712,32.4,31.78,25739802.0,48.871243,,
20220713,31.58,32.21,24616876.0,48.871243,,
20220714,32.27,33.77,54655981.00000001,48.871243,,
20220715,33.78,33.73,32696121.999999996,48.871243,,
20220718,33.72,34.8,44534160.0,48.871243,,
20220719,34.67,34.13,29371109.999999996,48.871243,,
20220720,34.4,34.0,28609284.000000004,48.871243,,
20220721,33.8,33.54,32105657.0,48.871243,,
20220722,33.7,33.2,25793478.0,48.871243,,
20220725,32.84,33.16,18397417.0,48.871243,,
20220726,33.0,32.88,24047945.0,48.871243,,
20220727,32.79,32.07,36643352.0,48.871243,,
20220728,32.35,30.76,103039824.0,48.871243,,
20220729,30.67,30.39,46118333.0,48.871243,,
20220801,30.35,31.88,51122196.0,48.871243,,
20220802,31.55,30.99,37531467.0,48.871243,,
20220803,30.99,31.07,26990693.0,48.871243,,
20220804,31.0,31.29,22812227.0,48.871243,,
20220805,31.28,31.14,29164582.0,48.871243,,
20220808,31.32,30.52,38769766.0,48.871243,,
20220809,30.4,30.32,42708143.0,48.871243,,
20220810,30.37,29.43,46234425.0,48.871243,,
20220811,29.5,30.07,40675679.0,48.871243,,
20220812,29.92,30.07,20145345.0,48.871243,,
20220815,29.8,29.54,30368015.999999996,48.871243,,
20220816,29.42,28.92,53761104.0,48.871243,,
20220817,28.71,29.16,35982894.0,48.871243,,
20220818,29.05,28.68,30241223.0,48.871243,,
20220819,28.65,28.37,28789514.0,48.871243,,
20220822,28.19,28.56,24650136.0,48.871243,,
20220823,28.5,28.29,19904026.0,48.871243,,
20220824,28.36,28.5,43911234.0,48.871243,,
20220825,28.54,29.71,65847263.0,48.871243,,
20220826,29.3,29.2,38806052.0,48.871243,,
20220829,28.88,28.38,36157023.0,48.871243,,
20220830,28.4,28.65,19379657.0,48.871243,,
20220831,28.31,29.42,46298423.0,48.871243,,
20220901,29.43,29.07,34209600.0,48.871243,,
20220902,29.07,28.72,21486199.0,48.871243,,
20220905,28.78,27.26,60698021.0,48.871243,,
20220906,27.26,27.52,36738217.0,48.871243,,
20220907,27.29,27.98,34556738.0,48.871243,,
20220908,28.49,28.28,35316147.0,48.871243,,
20220909,29.9,30.0,80664626.0,48.871243,,
20220913,29.75,29.65,55039463.0,48.871243,,
20220914,29.32,29.53,33150838.0,48.871243,,
20220915,29.64,28.8,38344851.0,48.871243,,
20220916,28.74,27.75,58665771.0,48.871243,,
20220919,27.63,26.79,53516093.99999999,48.871243,,
20220920,26.8,27.03,26234755.0,48.871243,,
20220921,26.74,26.52,26233184.000000004,48.871243,,
20220922,26.08,25.63,38976032.0,48.871243,,
20220923,25.58,25.79,39353474.0,48.871243,,
20220926,26.0,26.57,43777164.0,48.871243,,
20220927,26.47,28.86,82088449.0,48.871243,,
20220928,29.0,28.87,47718909.0,48.871243,,
20220929,28.77,28.74,37574584.0,48.871243,,
20220930,28.75,28.67,26403112.0,48.871243,,
20221010,28.61,27.6,31258731.0,48.871243,,
20221011,27.5,27.14,21228757.0,48.871243,,
20221012,27.31,27.95,36087711.0,48.871243,,
20221013,27.75,27.89,39814323.0,48.871243,,
20221014,28.22,29.96,89348601.0,48.871243,,
20221017,30.0,29.65,38334488.0,48.871243,,
20221018,30.0,30.34,47920591.0,48.871243,,
20221019,30.3,29.96,29393063.0,48.871243,,
20221020,29.68,30.75,59075451.0,48.871243,,
20221021,30.65,30.54,25391905.0,48.871243,,
20221024,30.6,28.11,71820161.0,48.871243,,
20221025,27.47,27.83,36911873.0,48.871243,,
20221026,28.5,29.51,59844413.0,48.871243,,
20221027,27.5,25.65,164254650.0,48.871243,,
20221028,25.23,25.32,62574943.99999999,48.871243,,
20221031,25.0,24.7,58817779.0,48.871243,,
20221101,24.73,26.05,70634486.0,48.871243,,
20221102,25.88,26.77,73311353.0,48.871243,,
20221103,26.26,26.49,31225078.999999996,48.871243,,
20221104,26.33,27.49,56619751.0,48.871243,,
20221107,27.25,26.81,63111981.99999999,48.871243,,
20221108,26.66,26.35,35052507.0,48.871243,,
20221109,26.26,26.0,43127256.0,48.871243,,
20221110,25.76,26.18,27153070.0,48.871243,,
20221111,27.1,27.07,82297827.0,48.871243,,
20221114,26.93,27.06,45273325.0,48.871243,,
20221115,27.0,27.52,53827046.0,48.871243,,
20221116,27.38,27.62,45539988.0,48.871243,,
20221117,27.4,27.48,25777184.0,48.871243,,
20221118,27.66,28.11,58139556.99999999,48.871243,,
20221121,27.71,26.88,55464596.0,48.871243,,
20221122,26.86,26.64,27301615.000000004,48.871243,,
20221123,26.78,26.27,26369594.0,48.871243,,
20221124,26.45,26.35,17185086.0,48.871243,,
20221125,26.27,26.42,15370954.999999998,48.871243,,
